{
    "item": [
        {
            "name": "Profiles",
            "item": [
                {
                    "name": "Customer/Profiles",
                    "response": [],
                    "request": {
                        "method": "GET",
                        "header": [
                            {
                                "key": "Authorization",
                                "value": "Bearer {{bearerToken}}",
                                "type": "text",
                                "description": "It is the token value received after the user logs in.(must)"
                            },
                            {
                                "key": "Apikey",
                                "value": "{{apiKey}}",
                                "type": "text",
                                "description": "It is a hash value given to you by the system provider.(must)"
                            },
                            {
                                "key": "Content-Type",
                                "value": "{{contentType}}",
                                "type": "text",
                                "description": "You can specify the return types for the returned response like json or xml.(not must)"
                            },
                            {
                                "key": "Accept-Language",
                                "value": "{{acceptLanguage}}",
                                "type": "text",
                                "description": "You can select the language option for the returned string values.(must)"
                            }
                        ],
                        "body": [],
                        "url": {
                            "raw": "{{baseUrl}}/customer/profiles",
                            "host": [
                                "{{baseUrl}}"
                            ],
                            "path": [
                                "customer",
                                "profiles"
                            ],
                            "query": [
                                {
                                    "key": "range",
                                    "value": "desc",
                                    "description": "",
                                    "disabled": true
                                }
                            ]
                        }
                    }
                },
                {
                    "name": "Customer/Profiles",
                    "response": [],
                    "request": {
                        "method": "POST",
                        "header": [
                            {
                                "key": "Authorization",
                                "value": "Bearer {{bearerToken}}",
                                "type": "text",
                                "description": "It is the token value received after the user logs in.(must)"
                            },
                            {
                                "key": "Apikey",
                                "value": "{{apiKey}}",
                                "type": "text",
                                "description": "It is a hash value given to you by the system provider.(must)"
                            },
                            {
                                "key": "Content-Type",
                                "value": "{{contentType}}",
                                "type": "text",
                                "description": "You can specify the return types for the returned response like json or xml.(not must)"
                            },
                            {
                                "key": "Accept-Language",
                                "value": "{{acceptLanguage}}",
                                "type": "text",
                                "description": "You can select the language option for the returned string values.(must)"
                            }
                        ],
                        "body": {
                            "mode": "raw",
                            "raw": "{\"name\":\"string\",\"email\":\"string\",\"email_verified_at\":\"NULL\",\"status\":\"0\",\"is_deleted\":\"0\",\"password\":\"string\",\"remember_token\":\"NULL\"}",
                            "options": {
                                "raw": {
                                    "language": "json"
                                }
                            }
                        },
                        "url": {
                            "raw": "{{baseUrl}}/customer/profiles",
                            "host": [
                                "{{baseUrl}}"
                            ],
                            "path": [
                                "customer",
                                "profiles"
                            ],
                            "query": []
                        }
                    }
                },
                {
                    "name": "Customer/Profiles",
                    "response": [],
                    "request": {
                        "method": "PUT",
                        "header": [
                            {
                                "key": "Authorization",
                                "value": "Bearer {{bearerToken}}",
                                "type": "text",
                                "description": "It is the token value received after the user logs in.(must)"
                            },
                            {
                                "key": "Apikey",
                                "value": "{{apiKey}}",
                                "type": "text",
                                "description": "It is a hash value given to you by the system provider.(must)"
                            },
                            {
                                "key": "Content-Type",
                                "value": "{{contentType}}",
                                "type": "text",
                                "description": "You can specify the return types for the returned response like json or xml.(not must)"
                            },
                            {
                                "key": "Accept-Language",
                                "value": "{{acceptLanguage}}",
                                "type": "text",
                                "description": "You can select the language option for the returned string values.(must)"
                            }
                        ],
                        "body": {
                            "mode": "raw",
                            "raw": "{\"customer_code\":\"integer\",\"name\":\"string\",\"email\":\"string\",\"email_verified_at\":\"NULL\",\"status\":\"1\",\"is_deleted\":\"0\",\"password\":\"string\",\"remember_token\":\"NULL\"}",
                            "options": {
                                "raw": {
                                    "language": "json"
                                }
                            }
                        },
                        "url": {
                            "raw": "{{baseUrl}}/customer/profiles",
                            "host": [
                                "{{baseUrl}}"
                            ],
                            "path": [
                                "customer",
                                "profiles"
                            ],
                            "query": []
                        }
                    }
                }
            ]
        },
        {
            "name": "Genders",
            "item": [
                {
                    "name": "Customer/Genders",
                    "response": [],
                    "request": {
                        "method": "GET",
                        "header": [
                            {
                                "key": "Authorization",
                                "value": "Bearer {{bearerToken}}",
                                "type": "text",
                                "description": "It is the token value received after the user logs in.(must)"
                            },
                            {
                                "key": "Apikey",
                                "value": "{{apiKey}}",
                                "type": "text",
                                "description": "It is a hash value given to you by the system provider.(must)"
                            },
                            {
                                "key": "Content-Type",
                                "value": "{{contentType}}",
                                "type": "text",
                                "description": "You can specify the return types for the returned response like json or xml.(not must)"
                            },
                            {
                                "key": "Accept-Language",
                                "value": "{{acceptLanguage}}",
                                "type": "text",
                                "description": "You can select the language option for the returned string values.(must)"
                            }
                        ],
                        "body": [],
                        "url": {
                            "raw": "{{baseUrl}}/customer/genders",
                            "host": [
                                "{{baseUrl}}"
                            ],
                            "path": [
                                "customer",
                                "genders"
                            ],
                            "query": [
                                {
                                    "key": "range",
                                    "value": "desc",
                                    "description": "",
                                    "disabled": true
                                }
                            ]
                        }
                    }
                },
                {
                    "name": "Customer/Genders",
                    "response": [],
                    "request": {
                        "method": "POST",
                        "header": [
                            {
                                "key": "Authorization",
                                "value": "Bearer {{bearerToken}}",
                                "type": "text",
                                "description": "It is the token value received after the user logs in.(must)"
                            },
                            {
                                "key": "Apikey",
                                "value": "{{apiKey}}",
                                "type": "text",
                                "description": "It is a hash value given to you by the system provider.(must)"
                            },
                            {
                                "key": "Content-Type",
                                "value": "{{contentType}}",
                                "type": "text",
                                "description": "You can specify the return types for the returned response like json or xml.(not must)"
                            },
                            {
                                "key": "Accept-Language",
                                "value": "{{acceptLanguage}}",
                                "type": "text",
                                "description": "You can select the language option for the returned string values.(must)"
                            }
                        ],
                        "body": {
                            "mode": "raw",
                            "raw": "{\"customer_code\":\"integer\",\"gender_code\":\"integer\"}",
                            "options": {
                                "raw": {
                                    "language": "json"
                                }
                            }
                        },
                        "url": {
                            "raw": "{{baseUrl}}/customer/genders",
                            "host": [
                                "{{baseUrl}}"
                            ],
                            "path": [
                                "customer",
                                "genders"
                            ],
                            "query": []
                        }
                    }
                },
                {
                    "name": "Customer/Genders",
                    "response": [],
                    "request": {
                        "method": "PUT",
                        "header": [
                            {
                                "key": "Authorization",
                                "value": "Bearer {{bearerToken}}",
                                "type": "text",
                                "description": "It is the token value received after the user logs in.(must)"
                            },
                            {
                                "key": "Apikey",
                                "value": "{{apiKey}}",
                                "type": "text",
                                "description": "It is a hash value given to you by the system provider.(must)"
                            },
                            {
                                "key": "Content-Type",
                                "value": "{{contentType}}",
                                "type": "text",
                                "description": "You can specify the return types for the returned response like json or xml.(not must)"
                            },
                            {
                                "key": "Accept-Language",
                                "value": "{{acceptLanguage}}",
                                "type": "text",
                                "description": "You can select the language option for the returned string values.(must)"
                            }
                        ],
                        "body": {
                            "mode": "raw",
                            "raw": "{\"customer_gender_code\":\"0\",\"customer_code\":\"integer\",\"gender_code\":\"integer\",\"is_deleted\":\"0\",\"status\":\"1\"}",
                            "options": {
                                "raw": {
                                    "language": "json"
                                }
                            }
                        },
                        "url": {
                            "raw": "{{baseUrl}}/customer/genders",
                            "host": [
                                "{{baseUrl}}"
                            ],
                            "path": [
                                "customer",
                                "genders"
                            ],
                            "query": []
                        }
                    }
                }
            ]
        },
        {
            "name": "Ages",
            "item": [
                {
                    "name": "Customer/Ages",
                    "response": [],
                    "request": {
                        "method": "GET",
                        "header": [
                            {
                                "key": "Authorization",
                                "value": "Bearer {{bearerToken}}",
                                "type": "text",
                                "description": "It is the token value received after the user logs in.(must)"
                            },
                            {
                                "key": "Apikey",
                                "value": "{{apiKey}}",
                                "type": "text",
                                "description": "It is a hash value given to you by the system provider.(must)"
                            },
                            {
                                "key": "Content-Type",
                                "value": "{{contentType}}",
                                "type": "text",
                                "description": "You can specify the return types for the returned response like json or xml.(not must)"
                            },
                            {
                                "key": "Accept-Language",
                                "value": "{{acceptLanguage}}",
                                "type": "text",
                                "description": "You can select the language option for the returned string values.(must)"
                            }
                        ],
                        "body": [],
                        "url": {
                            "raw": "{{baseUrl}}/customer/ages",
                            "host": [
                                "{{baseUrl}}"
                            ],
                            "path": [
                                "customer",
                                "ages"
                            ],
                            "query": [
                                {
                                    "key": "range",
                                    "value": "desc",
                                    "description": "",
                                    "disabled": true
                                }
                            ]
                        }
                    }
                },
                {
                    "name": "Customer/Ages",
                    "response": [],
                    "request": {
                        "method": "POST",
                        "header": [
                            {
                                "key": "Authorization",
                                "value": "Bearer {{bearerToken}}",
                                "type": "text",
                                "description": "It is the token value received after the user logs in.(must)"
                            },
                            {
                                "key": "Apikey",
                                "value": "{{apiKey}}",
                                "type": "text",
                                "description": "It is a hash value given to you by the system provider.(must)"
                            },
                            {
                                "key": "Content-Type",
                                "value": "{{contentType}}",
                                "type": "text",
                                "description": "You can specify the return types for the returned response like json or xml.(not must)"
                            },
                            {
                                "key": "Accept-Language",
                                "value": "{{acceptLanguage}}",
                                "type": "text",
                                "description": "You can select the language option for the returned string values.(must)"
                            }
                        ],
                        "body": {
                            "mode": "raw",
                            "raw": "{\"age\":\"integer\",\"customer_code\":\"integer\"}",
                            "options": {
                                "raw": {
                                    "language": "json"
                                }
                            }
                        },
                        "url": {
                            "raw": "{{baseUrl}}/customer/ages",
                            "host": [
                                "{{baseUrl}}"
                            ],
                            "path": [
                                "customer",
                                "ages"
                            ],
                            "query": []
                        }
                    }
                },
                {
                    "name": "Customer/Ages",
                    "response": [],
                    "request": {
                        "method": "PUT",
                        "header": [
                            {
                                "key": "Authorization",
                                "value": "Bearer {{bearerToken}}",
                                "type": "text",
                                "description": "It is the token value received after the user logs in.(must)"
                            },
                            {
                                "key": "Apikey",
                                "value": "{{apiKey}}",
                                "type": "text",
                                "description": "It is a hash value given to you by the system provider.(must)"
                            },
                            {
                                "key": "Content-Type",
                                "value": "{{contentType}}",
                                "type": "text",
                                "description": "You can specify the return types for the returned response like json or xml.(not must)"
                            },
                            {
                                "key": "Accept-Language",
                                "value": "{{acceptLanguage}}",
                                "type": "text",
                                "description": "You can select the language option for the returned string values.(must)"
                            }
                        ],
                        "body": {
                            "mode": "raw",
                            "raw": "{\"age\":\"integer\",\"customer_age_code\":\"0\",\"customer_code\":\"integer\",\"is_deleted\":\"0\",\"status\":\"1\"}",
                            "options": {
                                "raw": {
                                    "language": "json"
                                }
                            }
                        },
                        "url": {
                            "raw": "{{baseUrl}}/customer/ages",
                            "host": [
                                "{{baseUrl}}"
                            ],
                            "path": [
                                "customer",
                                "ages"
                            ],
                            "query": []
                        }
                    }
                }
            ]
        },
        {
            "name": "Images",
            "item": [
                {
                    "name": "Customer/Images",
                    "response": [],
                    "request": {
                        "method": "GET",
                        "header": [
                            {
                                "key": "Authorization",
                                "value": "Bearer {{bearerToken}}",
                                "type": "text",
                                "description": "It is the token value received after the user logs in.(must)"
                            },
                            {
                                "key": "Apikey",
                                "value": "{{apiKey}}",
                                "type": "text",
                                "description": "It is a hash value given to you by the system provider.(must)"
                            },
                            {
                                "key": "Content-Type",
                                "value": "{{contentType}}",
                                "type": "text",
                                "description": "You can specify the return types for the returned response like json or xml.(not must)"
                            },
                            {
                                "key": "Accept-Language",
                                "value": "{{acceptLanguage}}",
                                "type": "text",
                                "description": "You can select the language option for the returned string values.(must)"
                            }
                        ],
                        "body": [],
                        "url": {
                            "raw": "{{baseUrl}}/customer/images",
                            "host": [
                                "{{baseUrl}}"
                            ],
                            "path": [
                                "customer",
                                "images"
                            ],
                            "query": [
                                {
                                    "key": "range",
                                    "value": "desc",
                                    "description": "",
                                    "disabled": true
                                }
                            ]
                        }
                    }
                },
                {
                    "name": "Customer/Images",
                    "response": [],
                    "request": {
                        "method": "POST",
                        "header": [
                            {
                                "key": "Authorization",
                                "value": "Bearer {{bearerToken}}",
                                "type": "text",
                                "description": "It is the token value received after the user logs in.(must)"
                            },
                            {
                                "key": "Apikey",
                                "value": "{{apiKey}}",
                                "type": "text",
                                "description": "It is a hash value given to you by the system provider.(must)"
                            },
                            {
                                "key": "Content-Type",
                                "value": "{{contentType}}",
                                "type": "text",
                                "description": "You can specify the return types for the returned response like json or xml.(not must)"
                            },
                            {
                                "key": "Accept-Language",
                                "value": "{{acceptLanguage}}",
                                "type": "text",
                                "description": "You can select the language option for the returned string values.(must)"
                            }
                        ],
                        "body": {
                            "mode": "formdata",
                            "formdata": [
                                {
                                    "key": "customer_code",
                                    "description": "",
                                    "value": "integer",
                                    "type": "text"
                                },
                                {
                                    "key": "image",
                                    "description": "",
                                    "type": "file",
                                    "src": []
                                },
                                {
                                    "key": "status",
                                    "description": "",
                                    "value": "1",
                                    "type": "text"
                                },
                                {
                                    "key": "is_deleted",
                                    "description": "",
                                    "value": "0",
                                    "type": "text"
                                }
                            ],
                            "options": {
                                "raw": {
                                    "language": "json"
                                }
                            }
                        },
                        "url": {
                            "raw": "{{baseUrl}}/customer/images",
                            "host": [
                                "{{baseUrl}}"
                            ],
                            "path": [
                                "customer",
                                "images"
                            ],
                            "query": []
                        }
                    }
                },
                {
                    "name": "Customer/Images",
                    "response": [],
                    "request": {
                        "method": "PUT",
                        "header": [
                            {
                                "key": "Authorization",
                                "value": "Bearer {{bearerToken}}",
                                "type": "text",
                                "description": "It is the token value received after the user logs in.(must)"
                            },
                            {
                                "key": "Apikey",
                                "value": "{{apiKey}}",
                                "type": "text",
                                "description": "It is a hash value given to you by the system provider.(must)"
                            },
                            {
                                "key": "Content-Type",
                                "value": "{{contentType}}",
                                "type": "text",
                                "description": "You can specify the return types for the returned response like json or xml.(not must)"
                            },
                            {
                                "key": "Accept-Language",
                                "value": "{{acceptLanguage}}",
                                "type": "text",
                                "description": "You can select the language option for the returned string values.(must)"
                            }
                        ],
                        "body": {
                            "mode": "raw",
                            "raw": "{\"customer_image_code\":\"0\",\"customer_code\":\"integer\",\"image\":\"image\",\"status\":\"1\",\"is_deleted\":\"0\"}",
                            "options": {
                                "raw": {
                                    "language": "json"
                                }
                            }
                        },
                        "url": {
                            "raw": "{{baseUrl}}/customer/images",
                            "host": [
                                "{{baseUrl}}"
                            ],
                            "path": [
                                "customer",
                                "images"
                            ],
                            "query": []
                        }
                    }
                }
            ]
        },
        {
            "name": "Contacts",
            "item": [
                {
                    "name": "Customer/Contacts",
                    "response": [],
                    "request": {
                        "method": "GET",
                        "header": [
                            {
                                "key": "Authorization",
                                "value": "Bearer {{bearerToken}}",
                                "type": "text",
                                "description": "It is the token value received after the user logs in.(must)"
                            },
                            {
                                "key": "Apikey",
                                "value": "{{apiKey}}",
                                "type": "text",
                                "description": "It is a hash value given to you by the system provider.(must)"
                            },
                            {
                                "key": "Content-Type",
                                "value": "{{contentType}}",
                                "type": "text",
                                "description": "You can specify the return types for the returned response like json or xml.(not must)"
                            },
                            {
                                "key": "Accept-Language",
                                "value": "{{acceptLanguage}}",
                                "type": "text",
                                "description": "You can select the language option for the returned string values.(must)"
                            }
                        ],
                        "body": [],
                        "url": {
                            "raw": "{{baseUrl}}/customer/contacts",
                            "host": [
                                "{{baseUrl}}"
                            ],
                            "path": [
                                "customer",
                                "contacts"
                            ],
                            "query": [
                                {
                                    "key": "range",
                                    "value": "desc",
                                    "description": "",
                                    "disabled": true
                                }
                            ]
                        }
                    }
                },
                {
                    "name": "Customer/Contacts",
                    "response": [],
                    "request": {
                        "method": "POST",
                        "header": [
                            {
                                "key": "Authorization",
                                "value": "Bearer {{bearerToken}}",
                                "type": "text",
                                "description": "It is the token value received after the user logs in.(must)"
                            },
                            {
                                "key": "Apikey",
                                "value": "{{apiKey}}",
                                "type": "text",
                                "description": "It is a hash value given to you by the system provider.(must)"
                            },
                            {
                                "key": "Content-Type",
                                "value": "{{contentType}}",
                                "type": "text",
                                "description": "You can specify the return types for the returned response like json or xml.(not must)"
                            },
                            {
                                "key": "Accept-Language",
                                "value": "{{acceptLanguage}}",
                                "type": "text",
                                "description": "You can select the language option for the returned string values.(must)"
                            }
                        ],
                        "body": {
                            "mode": "raw",
                            "raw": "{\"customer_code\":\"integer\",\"address\":\"string\",\"zipcode\":\"string\",\"phone_code\":\"string\",\"phone\":\"string\",\"linkedin\":\"string\",\"facebook\":\"string\",\"twitter\":\"string\",\"is_default\":\"0\",\"status\":\"1\",\"is_deleted\":\"0\"}",
                            "options": {
                                "raw": {
                                    "language": "json"
                                }
                            }
                        },
                        "url": {
                            "raw": "{{baseUrl}}/customer/contacts",
                            "host": [
                                "{{baseUrl}}"
                            ],
                            "path": [
                                "customer",
                                "contacts"
                            ],
                            "query": []
                        }
                    }
                },
                {
                    "name": "Customer/Contacts",
                    "response": [],
                    "request": {
                        "method": "PUT",
                        "header": [
                            {
                                "key": "Authorization",
                                "value": "Bearer {{bearerToken}}",
                                "type": "text",
                                "description": "It is the token value received after the user logs in.(must)"
                            },
                            {
                                "key": "Apikey",
                                "value": "{{apiKey}}",
                                "type": "text",
                                "description": "It is a hash value given to you by the system provider.(must)"
                            },
                            {
                                "key": "Content-Type",
                                "value": "{{contentType}}",
                                "type": "text",
                                "description": "You can specify the return types for the returned response like json or xml.(not must)"
                            },
                            {
                                "key": "Accept-Language",
                                "value": "{{acceptLanguage}}",
                                "type": "text",
                                "description": "You can select the language option for the returned string values.(must)"
                            }
                        ],
                        "body": {
                            "mode": "raw",
                            "raw": "{\"customer_contact_code\":\"0\",\"customer_code\":\"integer\",\"address\":\"string\",\"zipcode\":\"string\",\"phone_code\":\"string\",\"phone\":\"string\",\"linkedin\":\"string\",\"facebook\":\"string\",\"twitter\":\"string\",\"is_default\":\"0\",\"status\":\"1\",\"is_deleted\":\"0\"}",
                            "options": {
                                "raw": {
                                    "language": "json"
                                }
                            }
                        },
                        "url": {
                            "raw": "{{baseUrl}}/customer/contacts",
                            "host": [
                                "{{baseUrl}}"
                            ],
                            "path": [
                                "customer",
                                "contacts"
                            ],
                            "query": []
                        }
                    }
                }
            ]
        }
    ],
    "name": "Customer"
}