<component name="InspectionProjectProfileManager">
  <profile version="1.0">
    <option name="myName" value="Project Default" />
    <inspection_tool class="DuplicatedCode" enabled="false" level="WEAK WARNING" enabled_by_default="false" />
    <inspection_tool class="PhpArrayShapeAttributeCanBeAddedInspection" enabled="false" level="WEAK WARNING" enabled_by_default="false" />
    <inspection_tool class="PhpHierarchyChecksInspection" enabled="false" level="ERROR" enabled_by_default="false" />
    <inspection_tool class="PhpNoReturnAttributeCanBeAddedInspection" enabled="false" level="WEAK WARNING" enabled_by_default="false" />
    <inspection_tool class="PhpParameterNameChangedDuringInheritanceInspection" enabled="false" level="WEAK WARNING" enabled_by_default="false" />
    <inspection_tool class="PhpPossiblePolymorphicInvocationInspection" enabled="false" level="WEAK WARNING" enabled_by_default="false" />
    <inspection_tool class="PhpPureAttributeCanBeAddedInspection" enabled="false" level="WEAK WARNING" enabled_by_default="false" />
    <inspection_tool class="PhpReturnValueOfMethodIsNeverUsedInspection" enabled="false" level="WEAK WARNING" enabled_by_default="false" />
    <inspection_tool class="PhpUnused" enabled="false" level="WEAK WARNING" enabled_by_default="false" />
  </profile>
</component>