{
    "name": "SuperAdmins",
    "item": [
        {
            "name": "SuperAdmins",
            "item": [
                {
                    "name": "SuperAdmins",
                    "response": [],
                    "request": {
                        "method": "GET",
                        "header": [
                            {
                                "key": "Authorization",
                                "value": "Bearer {{bearerToken}}",
                                "type": "text"
                            },
                            {
                                "key": "Apikey",
                                "value": "{{apiKey}}",
                                "type": "text"
                            },
                            {
                                "key": "Content-Type",
                                "value": "{{contentType}}",
                                "type": "text"
                            },
                            {
                                "key": "Accept-Language",
                                "value": "{{acceptLanguage}}",
                                "type": "text"
                            }
                        ],
                        "body": [],
                        "url": {
                            "raw": "{{baseUrl}}/superAdmins",
                            "host": [
                                "{{baseUrl}}"
                            ],
                            "path": [
                                "superAdmins"
                            ],
                            "query": [
                                {
                                    "key": "range",
                                    "value": "desc",
                                    "description": "",
                                    "disabled": true
                                }
                            ]
                        }
                    }
                },
                {
                    "name": "SuperAdmins",
                    "response": [],
                    "request": {
                        "method": "POST",
                        "header": [
                            {
                                "key": "Authorization",
                                "value": "Bearer {{bearerToken}}",
                                "type": "text"
                            },
                            {
                                "key": "Apikey",
                                "value": "{{apiKey}}",
                                "type": "text"
                            },
                            {
                                "key": "Content-Type",
                                "value": "{{contentType}}",
                                "type": "text"
                            },
                            {
                                "key": "Accept-Language",
                                "value": "{{acceptLanguage}}",
                                "type": "text"
                            }
                        ],
                        "body": {
                            "mode": "raw",
                            "raw": "{\"super_admin_code\":\"integer\",\"user_code\":\"integer\"}",
                            "options": {
                                "raw": {
                                    "language": "json"
                                }
                            }
                        },
                        "url": {
                            "raw": "{{baseUrl}}/superAdmins",
                            "host": [
                                "{{baseUrl}}"
                            ],
                            "path": [
                                "superAdmins"
                            ],
                            "query": []
                        }
                    }
                },
                {
                    "name": "SuperAdmins",
                    "response": [],
                    "request": {
                        "method": "PUT",
                        "header": [
                            {
                                "key": "Authorization",
                                "value": "Bearer {{bearerToken}}",
                                "type": "text"
                            },
                            {
                                "key": "Apikey",
                                "value": "{{apiKey}}",
                                "type": "text"
                            },
                            {
                                "key": "Content-Type",
                                "value": "{{contentType}}",
                                "type": "text"
                            },
                            {
                                "key": "Accept-Language",
                                "value": "{{acceptLanguage}}",
                                "type": "text"
                            }
                        ],
                        "body": {
                            "mode": "raw",
                            "raw": "{\"is_deleted\":\"0\",\"status\":\"1\",\"super_admin_code\":\"integer\",\"user_code\":\"integer\"}",
                            "options": {
                                "raw": {
                                    "language": "json"
                                }
                            }
                        },
                        "url": {
                            "raw": "{{baseUrl}}/superAdmins",
                            "host": [
                                "{{baseUrl}}"
                            ],
                            "path": [
                                "superAdmins"
                            ],
                            "query": []
                        }
                    }
                }
            ]
        }
    ]
}