{
    "item": [
        {
            "name": "Roles",
            "item": [
                {
                    "name": "Gate/Roles",
                    "response": [],
                    "request": {
                        "method": "GET",
                        "header": [
                            {
                                "key": "Authorization",
                                "value": "Bearer {{bearerToken}}",
                                "type": "text"
                            },
                            {
                                "key": "Apikey",
                                "value": "{{apiKey}}",
                                "type": "text"
                            },
                            {
                                "key": "Content-Type",
                                "value": "{{contentType}}",
                                "type": "text"
                            },
                            {
                                "key": "Accept-Language",
                                "value": "{{acceptLanguage}}",
                                "type": "text"
                            }
                        ],
                        "body": [],
                        "url": {
                            "raw": "{{baseUrl}}/gate/roles",
                            "host": [
                                "{{baseUrl}}"
                            ],
                            "path": [
                                "gate",
                                "roles"
                            ],
                            "query": [
                                {
                                    "key": "range",
                                    "value": "desc",
                                    "description": "",
                                    "disabled": true
                                }
                            ]
                        }
                    }
                },
                {
                    "name": "Gate/Roles",
                    "response": [],
                    "request": {
                        "method": "POST",
                        "header": [
                            {
                                "key": "Authorization",
                                "value": "Bearer {{bearerToken}}",
                                "type": "text"
                            },
                            {
                                "key": "Apikey",
                                "value": "{{apiKey}}",
                                "type": "text"
                            },
                            {
                                "key": "Content-Type",
                                "value": "{{contentType}}",
                                "type": "text"
                            },
                            {
                                "key": "Accept-Language",
                                "value": "{{acceptLanguage}}",
                                "type": "text"
                            }
                        ],
                        "body": {
                            "mode": "raw",
                            "raw": "{\"role_app_code\":\"integer\",\"role_name\":\"string\",\"is_administrator\":\"integer\",\"roles\":\"array\"}",
                            "options": {
                                "raw": {
                                    "language": "json"
                                }
                            }
                        },
                        "url": {
                            "raw": "{{baseUrl}}/gate/roles",
                            "host": [
                                "{{baseUrl}}"
                            ],
                            "path": [
                                "gate",
                                "roles"
                            ],
                            "query": []
                        }
                    }
                },
                {
                    "name": "Gate/Roles",
                    "response": [],
                    "request": {
                        "method": "PUT",
                        "header": [
                            {
                                "key": "Authorization",
                                "value": "Bearer {{bearerToken}}",
                                "type": "text"
                            },
                            {
                                "key": "Apikey",
                                "value": "{{apiKey}}",
                                "type": "text"
                            },
                            {
                                "key": "Content-Type",
                                "value": "{{contentType}}",
                                "type": "text"
                            },
                            {
                                "key": "Accept-Language",
                                "value": "{{acceptLanguage}}",
                                "type": "text"
                            }
                        ],
                        "body": {
                            "mode": "raw",
                            "raw": "{\"role_code\":\"integer\",\"role_app_code\":\"integer\",\"role_name\":\"string\",\"is_administrator\":\"integer\",\"roles\":\"array\",\"status\":\"1\",\"is_deleted\":\"0\"}",
                            "options": {
                                "raw": {
                                    "language": "json"
                                }
                            }
                        },
                        "url": {
                            "raw": "{{baseUrl}}/gate/roles",
                            "host": [
                                "{{baseUrl}}"
                            ],
                            "path": [
                                "gate",
                                "roles"
                            ],
                            "query": []
                        }
                    }
                }
            ]
        },
        {
            "name": "Permissions",
            "item": [
                {
                    "name": "Gate/Permissions",
                    "response": [],
                    "request": {
                        "method": "GET",
                        "header": [
                            {
                                "key": "Authorization",
                                "value": "Bearer {{bearerToken}}",
                                "type": "text"
                            },
                            {
                                "key": "Apikey",
                                "value": "{{apiKey}}",
                                "type": "text"
                            },
                            {
                                "key": "Content-Type",
                                "value": "{{contentType}}",
                                "type": "text"
                            },
                            {
                                "key": "Accept-Language",
                                "value": "{{acceptLanguage}}",
                                "type": "text"
                            }
                        ],
                        "body": [],
                        "url": {
                            "raw": "{{baseUrl}}/gate/permissions",
                            "host": [
                                "{{baseUrl}}"
                            ],
                            "path": [
                                "gate",
                                "permissions"
                            ],
                            "query": [
                                {
                                    "key": "range",
                                    "value": "desc",
                                    "description": "",
                                    "disabled": true
                                }
                            ]
                        }
                    }
                },
                {
                    "name": "Gate/Permissions",
                    "response": [],
                    "request": {
                        "method": "POST",
                        "header": [
                            {
                                "key": "Authorization",
                                "value": "Bearer {{bearerToken}}",
                                "type": "text"
                            },
                            {
                                "key": "Apikey",
                                "value": "{{apiKey}}",
                                "type": "text"
                            },
                            {
                                "key": "Content-Type",
                                "value": "{{contentType}}",
                                "type": "text"
                            },
                            {
                                "key": "Accept-Language",
                                "value": "{{acceptLanguage}}",
                                "type": "text"
                            }
                        ],
                        "body": {
                            "mode": "raw",
                            "raw": "{\"endpoint\":\"string\",\"description\":\"string\"}",
                            "options": {
                                "raw": {
                                    "language": "json"
                                }
                            }
                        },
                        "url": {
                            "raw": "{{baseUrl}}/gate/permissions",
                            "host": [
                                "{{baseUrl}}"
                            ],
                            "path": [
                                "gate",
                                "permissions"
                            ],
                            "query": []
                        }
                    }
                },
                {
                    "name": "Gate/Permissions",
                    "response": [],
                    "request": {
                        "method": "PUT",
                        "header": [
                            {
                                "key": "Authorization",
                                "value": "Bearer {{bearerToken}}",
                                "type": "text"
                            },
                            {
                                "key": "Apikey",
                                "value": "{{apiKey}}",
                                "type": "text"
                            },
                            {
                                "key": "Content-Type",
                                "value": "{{contentType}}",
                                "type": "text"
                            },
                            {
                                "key": "Accept-Language",
                                "value": "{{acceptLanguage}}",
                                "type": "text"
                            }
                        ],
                        "body": {
                            "mode": "raw",
                            "raw": "{\"permission_code\":\"integer\",\"endpoint\":\"string\",\"description\":\"string\",\"status\":\"1\",\"is_deleted\":\"0\"}",
                            "options": {
                                "raw": {
                                    "language": "json"
                                }
                            }
                        },
                        "url": {
                            "raw": "{{baseUrl}}/gate/permissions",
                            "host": [
                                "{{baseUrl}}"
                            ],
                            "path": [
                                "gate",
                                "permissions"
                            ],
                            "query": []
                        }
                    }
                }
            ]
        }
    ],
    "name": "Gate"
}