{
    "name": "Support",
    "item": [
        {
            "name": "Excel",
            "item": [
                {
                    "name": "Support/Excel",
                    "response": [],
                    "request": {
                        "method": "GET",
                        "header": [
                            {
                                "key": "Authorization",
                                "value": "Bearer {{bearerToken}}",
                                "type": "text",
                                "description": "It is the token value received after the user logs in.(must)"
                            },
                            {
                                "key": "Apikey",
                                "value": "{{apiKey}}",
                                "type": "text",
                                "description": "It is a hash value given to you by the system provider.(must)"
                            },
                            {
                                "key": "Content-Type",
                                "value": "{{contentType}}",
                                "type": "text",
                                "description": "You can specify the return types for the returned response like json or xml.(not must)"
                            },
                            {
                                "key": "Accept-Language",
                                "value": "{{acceptLanguage}}",
                                "type": "text",
                                "description": "You can select the language option for the returned string values.(must)"
                            }
                        ],
                        "body": [],
                        "url": {
                            "raw": "{{baseUrl}}/support/excel",
                            "host": [
                                "{{baseUrl}}"
                            ],
                            "path": [
                                "support",
                                "excel"
                            ],
                            "query": [
                                {
                                    "key": "range",
                                    "value": "desc",
                                    "description": "",
                                    "disabled": true
                                }
                            ]
                        }
                    }
                },
                {
                    "name": "Support/Excel",
                    "response": [],
                    "request": {
                        "method": "POST",
                        "header": [
                            {
                                "key": "Authorization",
                                "value": "Bearer {{bearerToken}}",
                                "type": "text",
                                "description": "It is the token value received after the user logs in.(must)"
                            },
                            {
                                "key": "Apikey",
                                "value": "{{apiKey}}",
                                "type": "text",
                                "description": "It is a hash value given to you by the system provider.(must)"
                            },
                            {
                                "key": "Content-Type",
                                "value": "{{contentType}}",
                                "type": "text",
                                "description": "You can specify the return types for the returned response like json or xml.(not must)"
                            },
                            {
                                "key": "Accept-Language",
                                "value": "{{acceptLanguage}}",
                                "type": "text",
                                "description": "You can select the language option for the returned string values.(must)"
                            }
                        ],
                        "body": {
                            "mode": "formdata",
                            "formdata": [
                                {
                                    "key": "excel_file",
                                    "description": "",
                                    "type": "file",
                                    "src": []
                                },
                                {
                                    "key": "excel_factory",
                                    "description": "",
                                    "value": "string",
                                    "type": "text"
                                },
                                {
                                    "key": "status",
                                    "description": "",
                                    "value": "1",
                                    "type": "text"
                                },
                                {
                                    "key": "is_deleted",
                                    "description": "",
                                    "value": "0",
                                    "type": "text"
                                }
                            ],
                            "options": {
                                "raw": {
                                    "language": "json"
                                }
                            }
                        },
                        "url": {
                            "raw": "{{baseUrl}}/support/excel",
                            "host": [
                                "{{baseUrl}}"
                            ],
                            "path": [
                                "support",
                                "excel"
                            ],
                            "query": []
                        }
                    }
                },
                {
                    "name": "Support/Excel",
                    "response": [],
                    "request": {
                        "method": "PUT",
                        "header": [
                            {
                                "key": "Authorization",
                                "value": "Bearer {{bearerToken}}",
                                "type": "text",
                                "description": "It is the token value received after the user logs in.(must)"
                            },
                            {
                                "key": "Apikey",
                                "value": "{{apiKey}}",
                                "type": "text",
                                "description": "It is a hash value given to you by the system provider.(must)"
                            },
                            {
                                "key": "Content-Type",
                                "value": "{{contentType}}",
                                "type": "text",
                                "description": "You can specify the return types for the returned response like json or xml.(not must)"
                            },
                            {
                                "key": "Accept-Language",
                                "value": "{{acceptLanguage}}",
                                "type": "text",
                                "description": "You can select the language option for the returned string values.(must)"
                            }
                        ],
                        "body": {
                            "mode": "raw",
                            "raw": "{\"excel_code\":\"0\",\"excel_file\":\"file\",\"excel_factory\":\"string\",\"status\":\"1\",\"is_deleted\":\"0\"}",
                            "options": {
                                "raw": {
                                    "language": "json"
                                }
                            }
                        },
                        "url": {
                            "raw": "{{baseUrl}}/support/excel",
                            "host": [
                                "{{baseUrl}}"
                            ],
                            "path": [
                                "support",
                                "excel"
                            ],
                            "query": []
                        }
                    }
                }
            ]
        }
    ]
}