{
    "name": "Register",
    "item": [
        {
            "name": "Register",
            "request": {
                "method": "POST",
                "header": [
                    {
                        "key": "Authorization",
                        "value": "Bearer {{bearerToken}}",
                        "type": "text"
                    },
                    {
                        "key": "Apikey",
                        "value": "{{apiKey}}",
                        "type": "text"
                    },
                    {
                        "key": "Content-Type",
                        "value": "{{contentType}}",
                        "type": "text"
                    }
                ],
                "body": {
                    "mode": "raw",
                    "raw": "{\n    \"name\": \"lorem ipsum\",\n    \"email\": \"test@gmail.com\",\n    \"password\": \"123456\",\n    \"username\": \"foo.bar\"\n}",
                    "options": {
                        "raw": {
                            "language": "json"
                        }
                    }
                },
                "url": {
                    "raw": "{{baseUrl}}/register",
                    "host": [
                        "{{baseUrl}}"
                    ],
                    "path": [
                        "register"
                    ]
                }
            },
            "response": []
        }
    ]
}
