{
    "item": [
        {
            "name": "Countries",
            "item": [
                {
                    "name": "Countries",
                    "response": [],
                    "request": {
                        "method": "GET",
                        "header": [
                            {
                                "key": "Authorization",
                                "value": "Bearer {{bearerToken}}",
                                "type": "text"
                            },
                            {
                                "key": "Apikey",
                                "value": "{{apiKey}}",
                                "type": "text"
                            },
                            {
                                "key": "Content-Type",
                                "value": "{{contentType}}",
                                "type": "text"
                            },
                            {
                                "key": "Accept-Language",
                                "value": "{{acceptLanguage}}",
                                "type": "text"
                            }
                        ],
                        "body": [],
                        "url": {
                            "raw": "{{baseUrl}}/countries",
                            "host": [
                                "{{baseUrl}}"
                            ],
                            "path": [
                                "countries"
                            ],
                            "query": [
                                {
                                    "key": "range",
                                    "value": "desc",
                                    "description": "",
                                    "disabled": true
                                }
                            ]
                        }
                    }
                },
                {
                    "name": "Countries",
                    "response": [],
                    "request": {
                        "method": "POST",
                        "header": [
                            {
                                "key": "Authorization",
                                "value": "Bearer {{bearerToken}}",
                                "type": "text"
                            },
                            {
                                "key": "Apikey",
                                "value": "{{apiKey}}",
                                "type": "text"
                            },
                            {
                                "key": "Content-Type",
                                "value": "{{contentType}}",
                                "type": "text"
                            },
                            {
                                "key": "Accept-Language",
                                "value": "{{acceptLanguage}}",
                                "type": "text"
                            }
                        ],
                        "body": {
                            "mode": "raw",
                            "raw": "{\"iso\":\"string\",\"name\":\"string\",\"default_name\":\"string\",\"iso3\":\"string\",\"num_code\":\"integer\",\"phone_code\":\"integer\"}",
                            "options": {
                                "raw": {
                                    "language": "json"
                                }
                            }
                        },
                        "url": {
                            "raw": "{{baseUrl}}/countries",
                            "host": [
                                "{{baseUrl}}"
                            ],
                            "path": [
                                "countries"
                            ],
                            "query": []
                        }
                    }
                },
                {
                    "name": "Countries",
                    "response": [],
                    "request": {
                        "method": "PUT",
                        "header": [
                            {
                                "key": "Authorization",
                                "value": "Bearer {{bearerToken}}",
                                "type": "text"
                            },
                            {
                                "key": "Apikey",
                                "value": "{{apiKey}}",
                                "type": "text"
                            },
                            {
                                "key": "Content-Type",
                                "value": "{{contentType}}",
                                "type": "text"
                            },
                            {
                                "key": "Accept-Language",
                                "value": "{{acceptLanguage}}",
                                "type": "text"
                            }
                        ],
                        "body": {
                            "mode": "raw",
                            "raw": "{\"country_code\":\"integer\",\"iso\":\"string\",\"name\":\"string\",\"default_name\":\"string\",\"iso3\":\"string\",\"num_code\":\"integer\",\"phone_code\":\"integer\",\"is_deleted\":\"0\",\"status\":\"1\"}",
                            "options": {
                                "raw": {
                                    "language": "json"
                                }
                            }
                        },
                        "url": {
                            "raw": "{{baseUrl}}/countries",
                            "host": [
                                "{{baseUrl}}"
                            ],
                            "path": [
                                "countries"
                            ],
                            "query": []
                        }
                    }
                }
            ]
        },
        {
            "name": "Cities",
            "item": [
                {
                    "name": "Countries/Cities",
                    "response": [],
                    "request": {
                        "method": "GET",
                        "header": [
                            {
                                "key": "Authorization",
                                "value": "Bearer {{bearerToken}}",
                                "type": "text"
                            },
                            {
                                "key": "Apikey",
                                "value": "{{apiKey}}",
                                "type": "text"
                            },
                            {
                                "key": "Content-Type",
                                "value": "{{contentType}}",
                                "type": "text"
                            },
                            {
                                "key": "Accept-Language",
                                "value": "{{acceptLanguage}}",
                                "type": "text"
                            }
                        ],
                        "body": [],
                        "url": {
                            "raw": "{{baseUrl}}/countries/cities",
                            "host": [
                                "{{baseUrl}}"
                            ],
                            "path": [
                                "countries",
                                "cities"
                            ],
                            "query": [
                                {
                                    "key": "range",
                                    "value": "desc",
                                    "description": "",
                                    "disabled": true
                                }
                            ]
                        }
                    }
                },
                {
                    "name": "Countries/Cities",
                    "response": [],
                    "request": {
                        "method": "POST",
                        "header": [
                            {
                                "key": "Authorization",
                                "value": "Bearer {{bearerToken}}",
                                "type": "text"
                            },
                            {
                                "key": "Apikey",
                                "value": "{{apiKey}}",
                                "type": "text"
                            },
                            {
                                "key": "Content-Type",
                                "value": "{{contentType}}",
                                "type": "text"
                            },
                            {
                                "key": "Accept-Language",
                                "value": "{{acceptLanguage}}",
                                "type": "text"
                            }
                        ],
                        "body": {
                            "mode": "raw",
                            "raw": "{\"city_name\":\"string\",\"country_code\":\"integer\"}",
                            "options": {
                                "raw": {
                                    "language": "json"
                                }
                            }
                        },
                        "url": {
                            "raw": "{{baseUrl}}/countries/cities",
                            "host": [
                                "{{baseUrl}}"
                            ],
                            "path": [
                                "countries",
                                "cities"
                            ],
                            "query": []
                        }
                    }
                },
                {
                    "name": "Countries/Cities",
                    "response": [],
                    "request": {
                        "method": "PUT",
                        "header": [
                            {
                                "key": "Authorization",
                                "value": "Bearer {{bearerToken}}",
                                "type": "text"
                            },
                            {
                                "key": "Apikey",
                                "value": "{{apiKey}}",
                                "type": "text"
                            },
                            {
                                "key": "Content-Type",
                                "value": "{{contentType}}",
                                "type": "text"
                            },
                            {
                                "key": "Accept-Language",
                                "value": "{{acceptLanguage}}",
                                "type": "text"
                            }
                        ],
                        "body": {
                            "mode": "raw",
                            "raw": "{\"city_code\":\"integer\",\"city_name\":\"string\",\"country_code\":\"integer\",\"is_deleted\":\"0\",\"status\":\"1\"}",
                            "options": {
                                "raw": {
                                    "language": "json"
                                }
                            }
                        },
                        "url": {
                            "raw": "{{baseUrl}}/countries/cities",
                            "host": [
                                "{{baseUrl}}"
                            ],
                            "path": [
                                "countries",
                                "cities"
                            ],
                            "query": []
                        }
                    }
                }
            ]
        },
        {
            "name": "Districts",
            "item": [
                {
                    "name": "Countries/Districts",
                    "response": [],
                    "request": {
                        "method": "GET",
                        "header": [
                            {
                                "key": "Authorization",
                                "value": "Bearer {{bearerToken}}",
                                "type": "text"
                            },
                            {
                                "key": "Apikey",
                                "value": "{{apiKey}}",
                                "type": "text"
                            },
                            {
                                "key": "Content-Type",
                                "value": "{{contentType}}",
                                "type": "text"
                            },
                            {
                                "key": "Accept-Language",
                                "value": "{{acceptLanguage}}",
                                "type": "text"
                            }
                        ],
                        "body": [],
                        "url": {
                            "raw": "{{baseUrl}}/countries/districts",
                            "host": [
                                "{{baseUrl}}"
                            ],
                            "path": [
                                "countries",
                                "districts"
                            ],
                            "query": [
                                {
                                    "key": "range",
                                    "value": "desc",
                                    "description": "",
                                    "disabled": true
                                }
                            ]
                        }
                    }
                },
                {
                    "name": "Countries/Districts",
                    "response": [],
                    "request": {
                        "method": "POST",
                        "header": [
                            {
                                "key": "Authorization",
                                "value": "Bearer {{bearerToken}}",
                                "type": "text"
                            },
                            {
                                "key": "Apikey",
                                "value": "{{apiKey}}",
                                "type": "text"
                            },
                            {
                                "key": "Content-Type",
                                "value": "{{contentType}}",
                                "type": "text"
                            },
                            {
                                "key": "Accept-Language",
                                "value": "{{acceptLanguage}}",
                                "type": "text"
                            }
                        ],
                        "body": {
                            "mode": "raw",
                            "raw": "{\"city_code\":\"integer\",\"district_name\":\"string\"}",
                            "options": {
                                "raw": {
                                    "language": "json"
                                }
                            }
                        },
                        "url": {
                            "raw": "{{baseUrl}}/countries/districts",
                            "host": [
                                "{{baseUrl}}"
                            ],
                            "path": [
                                "countries",
                                "districts"
                            ],
                            "query": []
                        }
                    }
                },
                {
                    "name": "Countries/Districts",
                    "response": [],
                    "request": {
                        "method": "PUT",
                        "header": [
                            {
                                "key": "Authorization",
                                "value": "Bearer {{bearerToken}}",
                                "type": "text"
                            },
                            {
                                "key": "Apikey",
                                "value": "{{apiKey}}",
                                "type": "text"
                            },
                            {
                                "key": "Content-Type",
                                "value": "{{contentType}}",
                                "type": "text"
                            },
                            {
                                "key": "Accept-Language",
                                "value": "{{acceptLanguage}}",
                                "type": "text"
                            }
                        ],
                        "body": {
                            "mode": "raw",
                            "raw": "{\"city_code\":\"integer\",\"district_code\":\"integer\",\"district_name\":\"string\",\"is_deleted\":\"0\",\"status\":\"1\"}",
                            "options": {
                                "raw": {
                                    "language": "json"
                                }
                            }
                        },
                        "url": {
                            "raw": "{{baseUrl}}/countries/districts",
                            "host": [
                                "{{baseUrl}}"
                            ],
                            "path": [
                                "countries",
                                "districts"
                            ],
                            "query": []
                        }
                    }
                }
            ]
        }
    ],
    "name": "Countries"
}