{
    "item": [
        {
            "name": "Localizations",
            "item": [
                {
                    "name": "Localizations",
                    "response": [],
                    "request": {
                        "method": "GET",
                        "header": [
                            {
                                "key": "Authorization",
                                "value": "Bearer {{bearerToken}}",
                                "type": "text"
                            },
                            {
                                "key": "Apikey",
                                "value": "{{apiKey}}",
                                "type": "text"
                            },
                            {
                                "key": "Content-Type",
                                "value": "{{contentType}}",
                                "type": "text"
                            },
                            {
                                "key": "Accept-Language",
                                "value": "{{acceptLanguage}}",
                                "type": "text"
                            }
                        ],
                        "body": [],
                        "url": {
                            "raw": "{{baseUrl}}/localizations",
                            "host": [
                                "{{baseUrl}}"
                            ],
                            "path": [
                                "localizations"
                            ],
                            "query": [
                                {
                                    "key": "range",
                                    "value": "desc",
                                    "description": "",
                                    "disabled": true
                                }
                            ]
                        }
                    }
                },
                {
                    "name": "Localizations",
                    "response": [],
                    "request": {
                        "method": "POST",
                        "header": [
                            {
                                "key": "Authorization",
                                "value": "Bearer {{bearerToken}}",
                                "type": "text"
                            },
                            {
                                "key": "Apikey",
                                "value": "{{apiKey}}",
                                "type": "text"
                            },
                            {
                                "key": "Content-Type",
                                "value": "{{contentType}}",
                                "type": "text"
                            },
                            {
                                "key": "Accept-Language",
                                "value": "{{acceptLanguage}}",
                                "type": "text"
                            }
                        ],
                        "body": {
                            "mode": "raw",
                            "raw": "{\"language_code\":\"integer\",\"localized_code\":\"integer\",\"values\":\"array\"}",
                            "options": {
                                "raw": {
                                    "language": "json"
                                }
                            }
                        },
                        "url": {
                            "raw": "{{baseUrl}}/localizations",
                            "host": [
                                "{{baseUrl}}"
                            ],
                            "path": [
                                "localizations"
                            ],
                            "query": []
                        }
                    }
                },
                {
                    "name": "Localizations",
                    "response": [],
                    "request": {
                        "method": "PUT",
                        "header": [
                            {
                                "key": "Authorization",
                                "value": "Bearer {{bearerToken}}",
                                "type": "text"
                            },
                            {
                                "key": "Apikey",
                                "value": "{{apiKey}}",
                                "type": "text"
                            },
                            {
                                "key": "Content-Type",
                                "value": "{{contentType}}",
                                "type": "text"
                            },
                            {
                                "key": "Accept-Language",
                                "value": "{{acceptLanguage}}",
                                "type": "text"
                            }
                        ],
                        "body": {
                            "mode": "raw",
                            "raw": "{\"is_deleted\":\"0\",\"language_code\":\"integer\",\"localization_code\":\"integer\",\"localized_code\":\"integer\",\"status\":\"1\",\"values\":\"array\"}",
                            "options": {
                                "raw": {
                                    "language": "json"
                                }
                            }
                        },
                        "url": {
                            "raw": "{{baseUrl}}/localizations",
                            "host": [
                                "{{baseUrl}}"
                            ],
                            "path": [
                                "localizations"
                            ],
                            "query": []
                        }
                    }
                }
            ]
        },
        {
            "name": "Language",
            "item": [
                {
                    "name": "Localizations/Language",
                    "response": [],
                    "request": {
                        "method": "GET",
                        "header": [
                            {
                                "key": "Authorization",
                                "value": "Bearer {{bearerToken}}",
                                "type": "text",
                                "description": "It is the token value received after the user logs in.(must)"
                            },
                            {
                                "key": "Apikey",
                                "value": "{{apiKey}}",
                                "type": "text",
                                "description": "It is a hash value given to you by the system provider.(must)"
                            },
                            {
                                "key": "Content-Type",
                                "value": "{{contentType}}",
                                "type": "text",
                                "description": "You can specify the return types for the returned response like json or xml.(not must)"
                            },
                            {
                                "key": "Accept-Language",
                                "value": "{{acceptLanguage}}",
                                "type": "text",
                                "description": "You can select the language option for the returned string values.(must)"
                            }
                        ],
                        "body": [],
                        "url": {
                            "raw": "{{baseUrl}}/localizations/language",
                            "host": [
                                "{{baseUrl}}"
                            ],
                            "path": [
                                "localizations",
                                "language"
                            ],
                            "query": [
                                {
                                    "key": "range",
                                    "value": "desc",
                                    "description": "",
                                    "disabled": true
                                }
                            ]
                        }
                    }
                },
                {
                    "name": "Localizations/Language",
                    "response": [],
                    "request": {
                        "method": "POST",
                        "header": [
                            {
                                "key": "Authorization",
                                "value": "Bearer {{bearerToken}}",
                                "type": "text",
                                "description": "It is the token value received after the user logs in.(must)"
                            },
                            {
                                "key": "Apikey",
                                "value": "{{apiKey}}",
                                "type": "text",
                                "description": "It is a hash value given to you by the system provider.(must)"
                            },
                            {
                                "key": "Content-Type",
                                "value": "{{contentType}}",
                                "type": "text",
                                "description": "You can specify the return types for the returned response like json or xml.(not must)"
                            },
                            {
                                "key": "Accept-Language",
                                "value": "{{acceptLanguage}}",
                                "type": "text",
                                "description": "You can select the language option for the returned string values.(must)"
                            }
                        ],
                        "body": {
                            "mode": "raw",
                            "raw": "{\"name\":\"string\"}",
                            "options": {
                                "raw": {
                                    "language": "json"
                                }
                            }
                        },
                        "url": {
                            "raw": "{{baseUrl}}/localizations/language",
                            "host": [
                                "{{baseUrl}}"
                            ],
                            "path": [
                                "localizations",
                                "language"
                            ],
                            "query": []
                        }
                    }
                },
                {
                    "name": "Localizations/Language",
                    "response": [],
                    "request": {
                        "method": "PUT",
                        "header": [
                            {
                                "key": "Authorization",
                                "value": "Bearer {{bearerToken}}",
                                "type": "text",
                                "description": "It is the token value received after the user logs in.(must)"
                            },
                            {
                                "key": "Apikey",
                                "value": "{{apiKey}}",
                                "type": "text",
                                "description": "It is a hash value given to you by the system provider.(must)"
                            },
                            {
                                "key": "Content-Type",
                                "value": "{{contentType}}",
                                "type": "text",
                                "description": "You can specify the return types for the returned response like json or xml.(not must)"
                            },
                            {
                                "key": "Accept-Language",
                                "value": "{{acceptLanguage}}",
                                "type": "text",
                                "description": "You can select the language option for the returned string values.(must)"
                            }
                        ],
                        "body": {
                            "mode": "raw",
                            "raw": "{\"language_code\":\"integer\",\"name\":\"string\",\"is_deleted\":\"0\",\"status\":\"1\"}",
                            "options": {
                                "raw": {
                                    "language": "json"
                                }
                            }
                        },
                        "url": {
                            "raw": "{{baseUrl}}/localizations/language",
                            "host": [
                                "{{baseUrl}}"
                            ],
                            "path": [
                                "localizations",
                                "language"
                            ],
                            "query": []
                        }
                    }
                }
            ]
        },
        {
            "name": "Front",
            "item": [
                {
                    "name": "Localizations/Front",
                    "response": [],
                    "request": {
                        "method": "GET",
                        "header": [
                            {
                                "key": "Authorization",
                                "value": "Bearer {{bearerToken}}",
                                "type": "text",
                                "description": "It is the token value received after the user logs in.(must)"
                            },
                            {
                                "key": "Apikey",
                                "value": "{{apiKey}}",
                                "type": "text",
                                "description": "It is a hash value given to you by the system provider.(must)"
                            },
                            {
                                "key": "Content-Type",
                                "value": "{{contentType}}",
                                "type": "text",
                                "description": "You can specify the return types for the returned response like json or xml.(not must)"
                            },
                            {
                                "key": "Accept-Language",
                                "value": "{{acceptLanguage}}",
                                "type": "text",
                                "description": "You can select the language option for the returned string values.(must)"
                            }
                        ],
                        "body": [],
                        "url": {
                            "raw": "{{baseUrl}}/localizations/front",
                            "host": [
                                "{{baseUrl}}"
                            ],
                            "path": [
                                "localizations",
                                "front"
                            ],
                            "query": [
                                {
                                    "key": "range",
                                    "value": "desc",
                                    "description": "",
                                    "disabled": true
                                }
                            ]
                        }
                    }
                },
                {
                    "name": "Localizations/Front",
                    "response": [],
                    "request": {
                        "method": "POST",
                        "header": [
                            {
                                "key": "Authorization",
                                "value": "Bearer {{bearerToken}}",
                                "type": "text",
                                "description": "It is the token value received after the user logs in.(must)"
                            },
                            {
                                "key": "Apikey",
                                "value": "{{apiKey}}",
                                "type": "text",
                                "description": "It is a hash value given to you by the system provider.(must)"
                            },
                            {
                                "key": "Content-Type",
                                "value": "{{contentType}}",
                                "type": "text",
                                "description": "You can specify the return types for the returned response like json or xml.(not must)"
                            },
                            {
                                "key": "Accept-Language",
                                "value": "{{acceptLanguage}}",
                                "type": "text",
                                "description": "You can select the language option for the returned string values.(must)"
                            }
                        ],
                        "body": {
                            "mode": "raw",
                            "raw": "{\"language_code\":\"integer\",\"key\":\"string\",\"value\":\"string\",\"status\":\"1\",\"is_deleted\":\"0\"}",
                            "options": {
                                "raw": {
                                    "language": "json"
                                }
                            }
                        },
                        "url": {
                            "raw": "{{baseUrl}}/localizations/front",
                            "host": [
                                "{{baseUrl}}"
                            ],
                            "path": [
                                "localizations",
                                "front"
                            ],
                            "query": []
                        }
                    }
                },
                {
                    "name": "Localizations/Front",
                    "response": [],
                    "request": {
                        "method": "PUT",
                        "header": [
                            {
                                "key": "Authorization",
                                "value": "Bearer {{bearerToken}}",
                                "type": "text",
                                "description": "It is the token value received after the user logs in.(must)"
                            },
                            {
                                "key": "Apikey",
                                "value": "{{apiKey}}",
                                "type": "text",
                                "description": "It is a hash value given to you by the system provider.(must)"
                            },
                            {
                                "key": "Content-Type",
                                "value": "{{contentType}}",
                                "type": "text",
                                "description": "You can specify the return types for the returned response like json or xml.(not must)"
                            },
                            {
                                "key": "Accept-Language",
                                "value": "{{acceptLanguage}}",
                                "type": "text",
                                "description": "You can select the language option for the returned string values.(must)"
                            }
                        ],
                        "body": {
                            "mode": "raw",
                            "raw": "{\"front_lang_code\":\"0\",\"language_code\":\"integer\",\"key\":\"string\",\"value\":\"string\",\"status\":\"1\",\"is_deleted\":\"0\"}",
                            "options": {
                                "raw": {
                                    "language": "json"
                                }
                            }
                        },
                        "url": {
                            "raw": "{{baseUrl}}/localizations/front",
                            "host": [
                                "{{baseUrl}}"
                            ],
                            "path": [
                                "localizations",
                                "front"
                            ],
                            "query": []
                        }
                    }
                }
            ]
        }
    ],
    "name": "Localizations"
}