[
    {
        "key": "Authorization",
        "value": "Bearer {{bearerToken}}",
        "type": "text",
        "description": "It is the token value received after the user logs in.(must)"
    },
    {
        "key": "Apikey",
        "value": "{{apiKey}}",
        "type": "text",
        "description": "It is a hash value given to you by the system provider.(must)"
    },
    {
        "key": "Content-Type",
        "value": "{{contentType}}",
        "type": "text",
        "description": "You can specify the return types for the returned response like json or xml.(not must)"
    },
    {
        "key": "Accept-Language",
        "value": "{{acceptLanguage}}",
        "type": "text",
        "description": "You can select the language option for the returned string values.(must)"
    }
]
