{
    "files": [
        "/var/www/html/app/api/app/Docs/Endpoints/User/User.json",
        "/var/www/html/app/api/app/Docs/Endpoints/Auth/Auth.json",
        "/var/www/html/app/api/app/Docs/Endpoints/Register/Register.json",
        "/var/www/html/app/api/app/Docs/Endpoints/Countries/Countries.json",
        "/var/www/html/app/api/app/Docs/Endpoints/Localizations/Localizations.json",
        "/var/www/html/app/api/app/Docs/Endpoints/SuperAdmins/SuperAdmins.json",
        "/var/www/html/app/api/app/Docs/Endpoints/Gate/Gate.json",
        "/var/www/html/app/api/app/Docs/Endpoints/Mix/Mix.json",
        "/var/www/html/app/api/app/Docs/Endpoints/Currencies/Currencies.json",
        "/var/www/html/app/api/app/Docs/Endpoints/Timezones/Timezones.json",
        "/var/www/html/app/api/app/Docs/Endpoints/Global/Global.json",
        "/var/www/html/app/api/app/Docs/Endpoints/Registration/Registration.json",
        "/var/www/html/app/api/app/Docs/Endpoints/Support/Support.json",
        "/var/www/html/app/api/app/Docs/Endpoints/Customer/Customer.json",
        "/Users/teamprocure/Desktop/apps/api/app/Docs/Endpoints/Password/Password.json",
        "/Users/teamprocure/Desktop/apps/api/app/Docs/Endpoints/Definition/Definition.json",
        "/Users/teamprocure/Desktop/apps/api/app/Docs/Endpoints/Customer/Customer.json"
    ],
    "keys": {
        "/var/www/html/app/api/app/Docs/Endpoints/User/User.json": 2,
        "/var/www/html/app/api/app/Docs/Endpoints/Countries/Countries.json": 2,
        "/var/www/html/app/api/app/Docs/Endpoints/Localizations/Localizations.json": 2,
        "/var/www/html/app/api/app/Docs/Endpoints/SuperAdmins/SuperAdmins.json": 0,
        "/var/www/html/app/api/app/Docs/Endpoints/Gate/Gate.json": 1,
        "/var/www/html/app/api/app/Docs/Endpoints/Mix/Mix.json": 0,
        "/var/www/html/app/api/app/Docs/Endpoints/Currencies/Currencies.json": 0,
        "/var/www/html/app/api/app/Docs/Endpoints/Timezones/Timezones.json": 0,
        "/var/www/html/app/api/app/Docs/Endpoints/Global/Global.json": 0,
        "/var/www/html/app/api/app/Docs/Endpoints/Registration/Registration.json": 0,
        "/var/www/html/app/api/app/Docs/Endpoints/Support/Support.json": 0,
        "/var/www/html/app/api/app/Docs/Endpoints/Customer/Customer.json": 4,
        "/Users/teamprocure/Desktop/apps/api/app/Docs/Endpoints/Password/Password.json": 0,
        "/Users/teamprocure/Desktop/apps/api/app/Docs/Endpoints/Definition/Definition.json": 0,
        "/Users/teamprocure/Desktop/apps/api/app/Docs/Endpoints/Customer/Customer.json": 0
    },
    "fingerPrints": {
        "User_User_user": 0,
        "Countries_Countries_country": 0,
        "Localizations_Localizations_localization": 0,
        "Language_Localizations_language": 1,
        "SuperAdmins_SuperAdmins_superAdmin": 0,
        "Roles_Gate_role": 0,
        "Permissions_Gate_permission": 1,
        "TableChanges_Mix_tableChange": 0,
        "Cities_Countries_city": 1,
        "Districts_Countries_district": 2,
        "Currencies_Currencies_currency": 0,
        "Timezones_Timezones_timezone": 0,
        "Photos_User_userPhoto": 1,
        "Registration_Registration_registration": 0,
        "Excel_Support_excel": 0,
        "Profiles_Customer_customer": 0,
        "Activations_User_userActivation": 2,
        "Genders_Customer_customerGender": 1,
        "Ages_Customer_customerAge": 2,
        "Images_Customer_customerImage": 3,
        "Contacts_Customer_customerContact": 4,
        "Changes_Password_passwordChange": 0,
        "Genders_Definition_gender": 0,
        "Front_Localizations_frontLang": 2
    }
}