{
    "POST_Login": {
        "body": {
            "raw": "[\n    {\n        \"email\": \"test@gmail.com\",\n        \"password\": \"123456\"\n    }\n]"
        }
    },
    "POST_Registration": {
        "body": {
            "raw": "{\n    \"user\" : {\n        \"name\" : \"fullname\",\n        \"email\" : \"test@gmail.com\",\n        \"password\" : \"Ab123456\"\n    }\n}"
        }
    },
    "PUT_Localizations": {
        "body": {
            "raw": "{\n    \"localization_code\": 111111,\n    \"values\": [\n        {\n            \"name\" : \"newName\"\n        }\n    ]\n}"
        }
    }
}
